{
  "image": "samples/Happy.jpg",
  "detections": [
    {
      "bbox_xyxy": [
        728,
        201,
        1227,
        796
      ],
      "dominant_emotion": "happy",
      "emotions": {
        "angry": 0.0001543510443298146,
        "disgust": 2.4843959636200452e-06,
        "fear": 0.003558205906301737,
        "happy": 99.20735931396484,
        "sad": 0.0008186550112441182,
        "surprise": 0.0036631219554692507,
        "neutral": 0.7844505906105042
      }
    }
  ]
}